-- Seed data for Gengoka

-- Categories
INSERT INTO categories (id, name, description, icon, color, char_limit, sort_order) VALUES
('11111111-1111-1111-1111-111111111111', '状況描写', 'その場にいない人に伝える', '📍', '#fff3e0', 30, 1),
('22222222-2222-2222-2222-222222222222', '要約力', 'ストーリーを短く伝える', '📚', '#e3f2fd', 50, 2),
('33333333-3333-3333-3333-333333333333', '感性の言語化', '気持ちを言葉にする', '💭', '#fce4ec', 30, 3),
('44444444-4444-4444-4444-444444444444', '言い換え', '別の表現で伝える', '🔄', '#e8f5e9', 20, 4),
('55555555-5555-5555-5555-555555555555', '概念説明', 'わかりやすく例える', '💡', '#f3e5f5', 50, 5);

-- Users
INSERT INTO users (id, email, name, avatar, bio, total_likes) VALUES
('aaaa1111-1111-1111-1111-111111111111', 'yukino@example.com', 'ゆきの', NULL, '言葉の力を信じています。毎日コツコツ言語化トレーニング中。目標は小説家になること。', 156),
('aaaa2222-2222-2222-2222-222222222222', 'kenta@example.com', 'けんた', NULL, 'ITエンジニア。難しいことを簡単に説明するのが好き。', 89),
('aaaa3333-3333-3333-3333-333333333333', 'saki@example.com', 'さき', NULL, '詩を書くのが趣味です。日常の小さな感動を言葉にしたい。', 234),
('aaaa4444-4444-4444-4444-444444444444', 'takeshi@example.com', 'たけし', NULL, '会社員。日々の業務で言語化力の必要性を痛感中。', 45),
('aaaa5555-5555-5555-5555-555555555555', 'misaki@example.com', 'みさき', NULL, '大学生。就活に向けて言語化力を鍛え中！', 67),
('aaaa6666-6666-6666-6666-666666666666', 'ryo@example.com', 'りょう', NULL, 'コピーライター見習い。言葉の重みを日々学んでいます。', 123),
('aaaa7777-7777-7777-7777-777777777777', 'ayaka@example.com', 'あやか', NULL, '主婦です。子どもに物事をわかりやすく伝えたくて始めました。', 78),
('aaaa8888-8888-8888-8888-888888888888', 'demo@example.com', 'デモユーザー', NULL, 'テスト用のデモユーザーです。', 0);

-- Challenges (状況描写)
INSERT INTO challenges (id, category_id, title, description, char_limit, release_date, answer_count) VALUES
('bbbb1111-1111-1111-1111-111111111111', '11111111-1111-1111-1111-111111111111', '「カフェで隣の人がコーヒーをこぼした瞬間」を、その場にいない人に伝わるように説明してください。', NULL, 30, CURRENT_DATE, 5),
('bbbb1112-1111-1111-1111-111111111111', '11111111-1111-1111-1111-111111111111', '「満員電車でドアが閉まる直前」の光景を、見たことがない人に伝わるように説明してください。', NULL, 30, CURRENT_DATE - 1, 3),
('bbbb1113-1111-1111-1111-111111111111', '11111111-1111-1111-1111-111111111111', '「雨が降り始めた瞬間の街の様子」を、その場にいない人に伝わるように説明してください。', NULL, 30, CURRENT_DATE - 2, 4);

-- Challenges (要約力)
INSERT INTO challenges (id, category_id, title, description, char_limit, release_date, answer_count) VALUES
('bbbb2221-2222-2222-2222-222222222222', '22222222-2222-2222-2222-222222222222', '「桃太郎」のストーリーを、読んだことがない人に向けて説明してください。', NULL, 50, CURRENT_DATE, 4),
('bbbb2222-2222-2222-2222-222222222222', '22222222-2222-2222-2222-222222222222', '「シンデレラ」のストーリーを、読んだことがない人に向けて説明してください。', NULL, 50, CURRENT_DATE - 1, 2),
('bbbb2223-2222-2222-2222-222222222222', '22222222-2222-2222-2222-222222222222', '「浦島太郎」のストーリーを、読んだことがない人に向けて説明してください。', NULL, 50, CURRENT_DATE - 2, 3);

-- Challenges (感性の言語化)
INSERT INTO challenges (id, category_id, title, description, char_limit, release_date, answer_count) VALUES
('bbbb3331-3333-3333-3333-333333333333', '33333333-3333-3333-3333-333333333333', '「切ない」という言葉を使わずに、夕暮れの空を見て感じた気持ちを表現してください。', NULL, 30, CURRENT_DATE, 6),
('bbbb3332-3333-3333-3333-333333333333', '33333333-3333-3333-3333-333333333333', '「嬉しい」という言葉を使わずに、久しぶりに友人に会えた気持ちを表現してください。', NULL, 30, CURRENT_DATE - 1, 4),
('bbbb3333-3333-3333-3333-333333333333', '33333333-3333-3333-3333-333333333333', '「寂しい」という言葉を使わずに、一人で過ごす夜の気持ちを表現してください。', NULL, 30, CURRENT_DATE - 2, 5);

-- Challenges (言い換え)
INSERT INTO challenges (id, category_id, title, description, char_limit, release_date, answer_count) VALUES
('bbbb4441-4444-4444-4444-444444444444', '44444444-4444-4444-4444-444444444444', '「検討します（断り文句として）」を、相手を傷つけない丁寧な言い回しに変えてください。', NULL, 20, CURRENT_DATE, 3),
('bbbb4442-4444-4444-4444-444444444444', '44444444-4444-4444-4444-444444444444', '「それは無理です」を、相手を傷つけない丁寧な言い回しに変えてください。', NULL, 20, CURRENT_DATE - 1, 2),
('bbbb4443-4444-4444-4444-444444444444', '44444444-4444-4444-4444-444444444444', '「興味ありません」を、相手を傷つけない丁寧な言い回しに変えてください。', NULL, 20, CURRENT_DATE - 2, 2);

-- Challenges (概念説明)
INSERT INTO challenges (id, category_id, title, description, char_limit, release_date, answer_count) VALUES
('bbbb5551-5555-5555-5555-555555555555', '55555555-5555-5555-5555-555555555555', '「Wi-Fi」という仕組みを、おじいちゃんにもわかるように例え話で説明してください。', NULL, 50, CURRENT_DATE, 5),
('bbbb5552-5555-5555-5555-555555555555', '55555555-5555-5555-5555-555555555555', '「クラウド」という仕組みを、おじいちゃんにもわかるように例え話で説明してください。', NULL, 50, CURRENT_DATE - 1, 3),
('bbbb5553-5555-5555-5555-555555555555', '55555555-5555-5555-5555-555555555555', '「AI」という仕組みを、おじいちゃんにもわかるように例え話で説明してください。', NULL, 50, CURRENT_DATE - 2, 4);

-- Sample Answers
INSERT INTO answers (id, challenge_id, user_id, content, score, like_count, comment_count, view_count) VALUES
-- 状況描写の回答
('cccc1111-1111-1111-1111-111111111111', 'bbbb1111-1111-1111-1111-111111111111', 'aaaa1111-1111-1111-1111-111111111111', 'カップが傾いた瞬間、琥珀色の波紋がテーブルを駆け抜けた', 92, 24, 8, 156),
('cccc1112-1111-1111-1111-111111111112', 'bbbb1111-1111-1111-1111-111111111111', 'aaaa4444-4444-4444-4444-444444444444', '白いカップから茶色い液体が滝のように流れ落ちていく', 78, 12, 3, 89),
('cccc1113-1111-1111-1111-111111111113', 'bbbb1111-1111-1111-1111-111111111111', 'aaaa6666-6666-6666-6666-666666666666', '傾いたカップ、広がる褐色、凍りついた隣人', 85, 18, 5, 102),

-- 概念説明の回答
('cccc5551-5555-5555-5555-555555555551', 'bbbb5551-5555-5555-5555-555555555555', 'aaaa2222-2222-2222-2222-222222222222', '目に見えない電波の道を通って、世界中の情報が届く魔法の郵便屋さんです', 88, 42, 15, 234),
('cccc5552-5555-5555-5555-555555555552', 'bbbb5551-5555-5555-5555-555555555555', 'aaaa7777-7777-7777-7777-777777777777', '家の中に張り巡らされた見えない糸電話で、どこでもインターネットと話せます', 82, 28, 9, 178),

-- 感性の言語化の回答
('cccc3331-3333-3333-3333-333333333331', 'bbbb3331-3333-3333-3333-333333333333', 'aaaa3333-3333-3333-3333-333333333333', 'オレンジに染まる空を見上げ、胸の奥がきゅっと締まる', 95, 67, 23, 312),
('cccc3332-3333-3333-3333-333333333332', 'bbbb3331-3333-3333-3333-333333333333', 'aaaa1111-1111-1111-1111-111111111111', '沈む太陽を追いかけたくなる、でも足は動かない', 89, 45, 12, 198),
('cccc3333-3333-3333-3333-333333333333', 'bbbb3332-3333-3333-3333-333333333333', 'aaaa5555-5555-5555-5555-555555555555', '久しぶりの再会に、自然と頬が緩み、言葉より先に笑顔がこぼれた', 85, 31, 8, 145);

-- Sample Comments
INSERT INTO comments (answer_id, user_id, content) VALUES
('cccc1111-1111-1111-1111-111111111111', 'aaaa4444-4444-4444-4444-444444444444', '「琥珀色の波紋」という表現が素敵ですね！情景が目に浮かびます'),
('cccc1111-1111-1111-1111-111111111111', 'aaaa5555-5555-5555-5555-555555555555', '参考になります！'),
('cccc5551-5555-5555-5555-555555555551', 'aaaa7777-7777-7777-7777-777777777777', '魔法の郵便屋さん、という例えが絶妙！'),
('cccc3331-3333-3333-3333-333333333331', 'aaaa6666-6666-6666-6666-666666666666', '「きゅっと締まる」がまさにその感覚！共感しました'),
('cccc3332-3333-3333-3333-333333333332', 'aaaa3333-3333-3333-3333-333333333333', '詩的な表現ですね。情緒が伝わってきます');

-- Sample Likes
INSERT INTO likes (answer_id, user_id) VALUES
('cccc1111-1111-1111-1111-111111111111', 'aaaa2222-2222-2222-2222-222222222222'),
('cccc1111-1111-1111-1111-111111111111', 'aaaa3333-3333-3333-3333-333333333333'),
('cccc1111-1111-1111-1111-111111111111', 'aaaa4444-4444-4444-4444-444444444444'),
('cccc5551-5555-5555-5555-555555555551', 'aaaa1111-1111-1111-1111-111111111111'),
('cccc5551-5555-5555-5555-555555555551', 'aaaa3333-3333-3333-3333-333333333333'),
('cccc3331-3333-3333-3333-333333333331', 'aaaa1111-1111-1111-1111-111111111111'),
('cccc3331-3333-3333-3333-333333333331', 'aaaa2222-2222-2222-2222-222222222222'),
('cccc3331-3333-3333-3333-333333333331', 'aaaa4444-4444-4444-4444-444444444444');

-- Sample Follows
INSERT INTO follows (follower_id, following_id) VALUES
('aaaa2222-2222-2222-2222-222222222222', 'aaaa1111-1111-1111-1111-111111111111'),
('aaaa3333-3333-3333-3333-333333333333', 'aaaa1111-1111-1111-1111-111111111111'),
('aaaa4444-4444-4444-4444-444444444444', 'aaaa1111-1111-1111-1111-111111111111'),
('aaaa5555-5555-5555-5555-555555555555', 'aaaa1111-1111-1111-1111-111111111111'),
('aaaa1111-1111-1111-1111-111111111111', 'aaaa3333-3333-3333-3333-333333333333'),
('aaaa2222-2222-2222-2222-222222222222', 'aaaa3333-3333-3333-3333-333333333333'),
('aaaa6666-6666-6666-6666-666666666666', 'aaaa3333-3333-3333-3333-333333333333'),
('aaaa1111-1111-1111-1111-111111111111', 'aaaa2222-2222-2222-2222-222222222222'),
('aaaa7777-7777-7777-7777-777777777777', 'aaaa2222-2222-2222-2222-222222222222'),
('aaaa8888-8888-8888-8888-888888888888', 'aaaa1111-1111-1111-1111-111111111111');
